{
  "hash": "e6ac5603",
  "configHash": "e1422a5d",
  "lockfileHash": "ecd82de1",
  "browserHash": "2645d44d",
  "optimized": {
    "@angular/core": {
      "src": "../../../../../../node_modules/@angular/core/fesm2022/core.mjs",
      "file": "@angular_core.js",
      "fileHash": "24d84387",
      "needsInterop": false
    },
    "@angular/platform-browser": {
      "src": "../../../../../../node_modules/@angular/platform-browser/fesm2022/platform-browser.mjs",
      "file": "@angular_platform-browser.js",
      "fileHash": "557d6b91",
      "needsInterop": false
    },
    "@angular/router": {
      "src": "../../../../../../node_modules/@angular/router/fesm2022/router.mjs",
      "file": "@angular_router.js",
      "fileHash": "c643afc6",
      "needsInterop": false
    },
    "@angular/common/http": {
      "src": "../../../../../../node_modules/@angular/common/fesm2022/http.mjs",
      "file": "@angular_common_http.js",
      "fileHash": "bbe3329f",
      "needsInterop": false
    },
    "rxjs": {
      "src": "../../../../../../node_modules/rxjs/dist/esm5/index.js",
      "file": "rxjs.js",
      "fileHash": "e2b7870a",
      "needsInterop": false
    },
    "@angular/core/rxjs-interop": {
      "src": "../../../../../../node_modules/@angular/core/fesm2022/rxjs-interop.mjs",
      "file": "@angular_core_rxjs-interop.js",
      "fileHash": "d55dc1f6",
      "needsInterop": false
    },
    "@angular/common": {
      "src": "../../../../../../node_modules/@angular/common/fesm2022/common.mjs",
      "file": "@angular_common.js",
      "fileHash": "11026f5c",
      "needsInterop": false
    }
  },
  "chunks": {
    "chunk-YTXMCUCV": {
      "file": "chunk-YTXMCUCV.js"
    },
    "chunk-ZXMV5CAP": {
      "file": "chunk-ZXMV5CAP.js"
    },
    "chunk-KZO6CFBJ": {
      "file": "chunk-KZO6CFBJ.js"
    },
    "chunk-KT4ERACU": {
      "file": "chunk-KT4ERACU.js"
    },
    "chunk-D2FB72IL": {
      "file": "chunk-D2FB72IL.js"
    },
    "chunk-U4YOPMN4": {
      "file": "chunk-U4YOPMN4.js"
    },
    "chunk-PJVWDKLX": {
      "file": "chunk-PJVWDKLX.js"
    }
  }
}